Username;Password;Firstname;Lastname;OU
kenji.suijireste;Test1234=;Kenji;Suijireste;formateurs_int
alex.creman;Test1234=;Alex;Creman;formateurs_int
annabelle.aubois-dormant;Test1234=;Annabelle;Aubois-Dormant;formateurs_int
yves.rogne;Test1234=;Yves;Rogne;formateurs_int
pat.acaisse;Test1234=;Pat;Acaisse;administrateurs_systemes
samy.rouate;Test1234=;Samy;Rouate;administrateurs_systemes
laurie.zible;Test1234=;Laurie;Zible;techniciens_informatiques
tanguy.rlande;Test1234=;Tanguy;Rlande;techniciens_informatiques
teddy.moitout;Test1234=;Teddy;Moitout;techniciens_informatiques
mouss.tique;Test1234=;Mouss;Tique;techniciens_informatiques
didier.tetique;Test1234=;Didier;Tetique;formateurs_int
maude.erne;Test1234=;Maude;Erne;formateurs_int
anne.atomie;Test1234=;Anne;Atomie;formateurs_int
remy.neur;Test1234=;Remy;Neur;formateurs_int
thibault.lognaise;Test1234=;Thibault;Lognaise;formateurs_int
guy.don_demoto;Test1234=;Guy;Don Demoto;formateurs_ext
tom.bellachemiz;Test1234=;Tom;Bellachemiz;formateurs_ext
laure.higine;Test1234=;Laure;Higine;formateurs_ext
paul.emploi;Test1234=;Paul;Emploi;rh
jean.tenbien;Test1234=;Jean;Tenbien;rh
cecile.icone;Test1234=;Cecile;Icone;comptables
anne.aconda;Test1234=;Anne;Aconda;comptables
aubin.gladesh;Test1234=;Aubin;Gladesh;secretaires
jean-paul.lssier;Test1234=;Jean-Paul;lssier;secretaires
blanche.lsserie;Test1234=;Blanche;lsserie;secretaires
emma.toudone;Test1234=;Emma;Toudone;marketings
otto.psie;Test1234=;Otto;Psie;marketings
francois.ensur;Test1234=;Francois;Ensur;marketings
oscar.avance;Test1234=;Oscar;Avance;marketings
jean.trenscene;Test1234=;Jean;Trenscene;pdg
marc.leblanc;Test1234=;Marc;Leblanc;cybersecurite
nathalie.rouge;Test1234=;Nathalie;Rouge;cybersecurite
olivier.boucher;Test1234=;Olivier;Boucher;cybersecurite
paul.guillaume;Test1234=;Paul;Guillaume;cybersecurite
quentin.martel;Test1234=;Quentin;Martel;cybersecurite
rene.perrot;Test1234=;René;Perrot;cybersecurite
sophie.delorme;Test1234=;Sophie;Delorme;cybersecurite
thomas.brun;Test1234=;Thomas;Brun;cybersecurite
valerie.caron;Test1234=;Valérie;Caron;cybersecurite
william.lefevre;Test1234=;William;Lefevre;cybersecurite
jean.dupont;Test1234=;Jean;Dupont;reseaux
sophie.martin;Test1234=;Sophie;Martin;reseaux
luc.bernard;Test1234=;Luc;Bernard;reseaux
claire.leroy;Test1234=;Claire;Leroy;reseaux
pierre.moreau;Test1234=;Pierre;Moreau;reseaux
marie.garnier;Test1234=;Marie;Garnier;reseaux
thomas.rousseau;Test1234=;Thomas;Rousseau;reseaux
isabelle.lemoine;Test1234=;Isabelle;Lemoine;reseaux
julien.faure;Test1234=;Julien;Faure;reseaux
celine.blanc;Test1234=;Céline;Blanc;reseaux
benoit.martin;Test1234=;Benoît;Martin;programmation
caroline.roussel;Test1234=;Caroline;Roussel;programmation
david.leclerc;Test1234=;David;Leclerc;programmation
elena.martinez;Test1234=;Elena;Martinez;programmation
francois.dupuis;Test1234=;François;Dupuis;programmation
gabriel.roux;Test1234=;Gabriel;Roux;programmation
helene.perrin;Test1234=;Hélène;Perrin;programmation
juliette.thibault;Test1234=;Juliette;Thibault;programmation
kevin.robin;Test1234=;Kevin;Robin;programmation
laura.charpentier;Test1234=;Laura;Charpentier;programmation